conid,symbol,right,month,strike,maturityDate,bid,ask,delta,gamma,theta,vega,volume,open_interest,historical_volatility,implied_volatility
902242022,TREX,P,,42.5,20260918,,272,2.90,,,,,,,
902241935,TREX,P,,40.0,20260918,,92,-0.25,,,,,,,
902241851,TREX,P,,37.5,20260918,,23,2.15,,,,,,,
902241777,TREX,P,,35.0,20260918,,122,2.15,,,,,,,
902241687,TREX,P,,32.5,20260918,,123,2.15,,,,,,,
902241600,TREX,P,,30.0,20260918,,123,2.15,,,,,,,
902241525,TREX,P,,27.5,20260918,,3,-0.95,,,,,,,
902241445,TREX,P,,25.0,20260918,,18,2.15,,,,,,,
902241370,TREX,P,,22.5,20260918,,18,2.15,,,,,,,
